{"cameraMode":{"drawMode":0,"name":"Shaded","section":"Shading Mode"},"sceneLighting":true,"audioPlay":false,"sceneViewState":{"showFog":true,"showMaterialUpdate":false,"showSkybox":true,"showFlares":true,"showImageEffects":true,"showParticleSystems":true},"in2DMode":false,"pivot":{"x":22.462987899780275,"y":10.923467636108399,"z":8.729129791259766},"rotation":{"x":-0.02585136890411377,"y":0.9714036583900452,"z":-0.19975654780864716,"w":-0.12571373581886292},"size":86.9041976928711,"orthographic":false}