{"cameraMode":{"drawMode":0,"name":"Shaded","section":"Shading Mode"},"sceneLighting":true,"audioPlay":false,"sceneViewState":{"showFog":true,"showMaterialUpdate":false,"showSkybox":true,"showFlares":true,"showImageEffects":true,"showParticleSystems":true},"in2DMode":false,"pivot":{"x":9.430685997009278,"y":-9.148263931274414,"z":-12.725147247314454},"rotation":{"x":0.0038528982549905779,"y":0.9853608012199402,"z":-0.16895082592964173,"w":0.022471001371741296},"size":56.4292106628418,"orthographic":false}