{"cameraMode":{"drawMode":0,"name":"Shaded","section":"Shading Mode"},"sceneLighting":false,"audioPlay":false,"sceneViewState":{"showFog":true,"showMaterialUpdate":false,"showSkybox":true,"showFlares":true,"showImageEffects":true,"showParticleSystems":true},"in2DMode":false,"pivot":{"x":4.6609625816345219,"y":-0.9826922416687012,"z":3.088383674621582},"rotation":{"x":-0.17036999762058259,"y":-0.6305342316627502,"z":0.1445218324661255,"w":-0.7433129549026489},"size":9.616279602050782,"orthographic":false}