{"cameraMode":{"drawMode":0,"name":"Shaded","section":"Shading Mode"},"sceneLighting":false,"audioPlay":false,"sceneViewState":{"showFog":true,"showMaterialUpdate":false,"showSkybox":true,"showFlares":true,"showImageEffects":true,"showParticleSystems":true},"in2DMode":false,"pivot":{"x":-0.447235107421875,"y":2.4996249675750734,"z":-3.3945393562316896},"rotation":{"x":-0.11035051941871643,"y":-0.6522371768951416,"z":0.09678443521261215,"w":-0.7436681389808655},"size":7.396665573120117,"orthographic":false}