{"cameraMode":{"drawMode":0,"name":"Shaded","section":"Shading Mode"},"sceneLighting":false,"audioPlay":false,"sceneViewState":{"showFog":true,"showMaterialUpdate":false,"showSkybox":true,"showFlares":true,"showImageEffects":true,"showParticleSystems":true},"in2DMode":false,"pivot":{"x":-1.6363601684570313,"y":2.0443990230560304,"z":-0.9038649797439575},"rotation":{"x":-0.16399496793746949,"y":-0.6241592168807983,"z":0.13617905974388123,"w":-0.7516556978225708},"size":7.396665573120117,"orthographic":false}