{"cameraMode":{"drawMode":0,"name":"Shaded","section":"Shading Mode"},"sceneLighting":false,"audioPlay":false,"sceneViewState":{"showFog":true,"showMaterialUpdate":false,"showSkybox":true,"showFlares":true,"showImageEffects":true,"showParticleSystems":true},"in2DMode":false,"pivot":{"x":2.675868511199951,"y":13.396045684814454,"z":-5.139530658721924},"rotation":{"x":-0.19818681478500367,"y":0.731229841709137,"z":-0.23852625489234925,"w":-0.6075608730316162},"size":9.632494926452637,"orthographic":false}