{"cameraMode":{"drawMode":0,"name":"Shaded","section":"Shading Mode"},"sceneLighting":false,"audioPlay":false,"sceneViewState":{"showFog":true,"showMaterialUpdate":false,"showSkybox":true,"showFlares":true,"showImageEffects":true,"showParticleSystems":true},"in2DMode":false,"pivot":{"x":0.36000001430511477,"y":1.6950000524520875,"z":-3.5470476150512697},"rotation":{"x":-0.09243308752775192,"y":-0.8358632922172546,"z":0.14848692715168,"w":-0.5203271508216858},"size":0.17923574149608613,"orthographic":false}