{"cameraMode":{"drawMode":0,"name":"Shaded","section":"Shading Mode"},"sceneLighting":false,"audioPlay":false,"sceneViewState":{"showFog":true,"showMaterialUpdate":false,"showSkybox":true,"showFlares":true,"showImageEffects":true,"showParticleSystems":true},"in2DMode":false,"pivot":{"x":1.3444653749465943,"y":0.8695599436759949,"z":-6.012850761413574},"rotation":{"x":0.012929186224937439,"y":0.9769360423088074,"z":-0.06193443015217781,"w":0.20394350588321687},"size":7.572319984436035,"orthographic":false}