{"cameraMode":{"drawMode":0,"name":"Shaded","section":"Shading Mode"},"sceneLighting":false,"audioPlay":false,"sceneViewState":{"showFog":true,"showMaterialUpdate":false,"showSkybox":true,"showFlares":true,"showImageEffects":true,"showParticleSystems":true},"in2DMode":false,"pivot":{"x":3.5951995849609377,"y":10.513766288757325,"z":2.7250583171844484},"rotation":{"x":-0.22458823025226594,"y":0.6429981589317322,"z":-0.20548446476459504,"w":-0.7027727961540222},"size":7.622652530670166,"orthographic":false}