{"cameraMode":{"drawMode":0,"name":"Shaded","section":"Shading Mode"},"sceneLighting":false,"audioPlay":false,"sceneViewState":{"showFog":true,"showMaterialUpdate":false,"showSkybox":true,"showFlares":true,"showImageEffects":true,"showParticleSystems":true},"in2DMode":false,"pivot":{"x":5.395199775695801,"y":11.11590576171875,"z":-1.4493489265441895},"rotation":{"x":-0.39347949624061587,"y":0.4770750403404236,"z":-0.25221240520477297,"w":-0.7442864179611206},"size":2.8578836917877199,"orthographic":false}