{"cameraMode":{"drawMode":0,"name":"Shaded","section":"Shading Mode"},"sceneLighting":false,"audioPlay":false,"sceneViewState":{"showFog":true,"showMaterialUpdate":false,"showSkybox":true,"showFlares":true,"showImageEffects":true,"showParticleSystems":true},"in2DMode":false,"pivot":{"x":5.982590675354004,"y":-4.258997917175293,"z":-21.88311767578125},"rotation":{"x":0.0027066089678555729,"y":0.9947021007537842,"z":-0.09910961240530014,"w":0.027162326499819757},"size":90.8421859741211,"orthographic":false}