{"cameraMode":{"drawMode":0,"name":"Shaded","section":"Shading Mode"},"sceneLighting":true,"audioPlay":false,"sceneViewState":{"showFog":true,"showMaterialUpdate":false,"showSkybox":true,"showFlares":true,"showImageEffects":true,"showParticleSystems":true},"in2DMode":false,"pivot":{"x":25.401405334472658,"y":-14.2745361328125,"z":-12.336994171142579},"rotation":{"x":0.013774322345852852,"y":-0.9624048471450806,"z":0.2666756212711334,"w":0.04971247538924217},"size":96.7653579711914,"orthographic":false}