{"cameraMode":{"drawMode":0,"name":"Shaded","section":"Shading Mode"},"sceneLighting":false,"audioPlay":false,"sceneViewState":{"showFog":true,"showMaterialUpdate":false,"showSkybox":true,"showFlares":true,"showImageEffects":true,"showParticleSystems":true},"in2DMode":false,"pivot":{"x":0.11301659047603607,"y":0.19999997317790986,"z":0.020105723291635515},"rotation":{"x":0.03173811733722687,"y":-0.06474076956510544,"z":0.0020601123105734588,"w":0.9973951578140259},"size":0.7671617269515991,"orthographic":false}