{"cameraMode":{"drawMode":0,"name":"Shaded","section":"Shading Mode"},"sceneLighting":false,"audioPlay":false,"sceneViewState":{"showFog":true,"showMaterialUpdate":false,"showSkybox":true,"showFlares":true,"showImageEffects":true,"showParticleSystems":true},"in2DMode":false,"pivot":{"x":0.0006179511547088623,"y":0.740317702293396,"z":-0.001202225685119629},"rotation":{"x":0.06840497255325318,"y":0.847594141960144,"z":-0.11280442029237747,"w":0.5139845013618469},"size":2.793875217437744,"orthographic":false}