{"cameraMode":{"drawMode":0,"name":"Shaded","section":"Shading Mode"},"sceneLighting":false,"audioPlay":false,"sceneViewState":{"showFog":true,"showMaterialUpdate":false,"showSkybox":true,"showFlares":true,"showImageEffects":true,"showParticleSystems":true},"in2DMode":false,"pivot":{"x":0.36000001430511477,"y":1.6950000524520875,"z":-3.5470476150512697},"rotation":{"x":0.06840497255325318,"y":0.847594141960144,"z":-0.11280442029237747,"w":0.5139845013618469},"size":0.17923574149608613,"orthographic":false}