{"cameraMode":{"drawMode":0,"name":"Shaded","section":"Shading Mode"},"sceneLighting":false,"audioPlay":false,"sceneViewState":{"showFog":true,"showMaterialUpdate":false,"showSkybox":true,"showFlares":true,"showImageEffects":true,"showParticleSystems":true},"in2DMode":false,"pivot":{"x":2.190000057220459,"y":0.49160218238830569,"z":-2.9802322387695315e-8},"rotation":{"x":0.06840497255325318,"y":0.847594141960144,"z":-0.11280442029237747,"w":0.5139845013618469},"size":1.4877289533615113,"orthographic":false}