{"cameraMode":{"drawMode":0,"name":"Shaded","section":"Shading Mode"},"sceneLighting":true,"audioPlay":false,"sceneViewState":{"showFog":true,"showMaterialUpdate":false,"showSkybox":true,"showFlares":true,"showImageEffects":true,"showParticleSystems":true},"in2DMode":false,"pivot":{"x":-6.602478981018066,"y":2.6418466567993166,"z":-0.9114149212837219},"rotation":{"x":-0.02276448905467987,"y":-0.6979965567588806,"z":0.022210970520973207,"w":-0.7153945565223694},"size":-1.1950061321258546,"orthographic":false}