{"cameraMode":{"drawMode":0,"name":"Shaded","section":"Shading Mode"},"sceneLighting":true,"audioPlay":false,"sceneViewState":{"showFog":true,"showMaterialUpdate":false,"showSkybox":true,"showFlares":true,"showImageEffects":true,"showParticleSystems":true},"in2DMode":false,"pivot":{"x":-21.239971160888673,"y":1.4730465412139893,"z":4.806115627288818},"rotation":{"x":0.00256182043813169,"y":0.9927183985710144,"z":-0.11850322782993317,"w":0.021460819989442827},"size":4.337392807006836,"orthographic":false}