{"cameraMode":{"drawMode":0,"name":"Shaded","section":"Shading Mode"},"sceneLighting":false,"audioPlay":false,"sceneViewState":{"showFog":true,"showMaterialUpdate":false,"showSkybox":true,"showFlares":true,"showImageEffects":true,"showParticleSystems":true},"in2DMode":false,"pivot":{"x":10.949188232421875,"y":2.495835065841675,"z":-37.79349136352539},"rotation":{"x":-0.00043390016071498394,"y":0.9981560707092285,"z":-0.06027144193649292,"w":-0.0071858735755085949},"size":10.871810913085938,"orthographic":false}