{"cameraMode":{"drawMode":0,"name":"Shaded","section":"Shading Mode"},"sceneLighting":false,"audioPlay":false,"sceneViewState":{"showFog":true,"showMaterialUpdate":false,"showSkybox":true,"showFlares":true,"showImageEffects":true,"showParticleSystems":true},"in2DMode":false,"pivot":{"x":0.06700001657009125,"y":1.3389999866485596,"z":3.088383674621582},"rotation":{"x":0.015307178720831871,"y":-0.019503027200698854,"z":0.00029835893656127155,"w":0.9996926188468933},"size":2.8578836917877199,"orthographic":false}