{"cameraMode":{"drawMode":0,"name":"Shaded","section":"Shading Mode"},"sceneLighting":false,"audioPlay":false,"sceneViewState":{"showFog":true,"showMaterialUpdate":false,"showSkybox":true,"showFlares":true,"showImageEffects":true,"showParticleSystems":true},"in2DMode":false,"pivot":{"x":364.3374938964844,"y":200.23764038085938,"z":-6.710000038146973},"rotation":{"x":0.1655714213848114,"y":0.07388295978307724,"z":-0.012440342456102372,"w":0.9833477139472961},"size":15.597270965576172,"orthographic":false}