{"cameraMode":{"drawMode":0,"name":"Shaded","section":"Shading Mode"},"sceneLighting":false,"audioPlay":false,"sceneViewState":{"showFog":true,"showMaterialUpdate":false,"showSkybox":true,"showFlares":true,"showImageEffects":true,"showParticleSystems":true},"in2DMode":false,"pivot":{"x":0.07491198182106018,"y":0.5049118399620056,"z":0.0},"rotation":{"x":0.06626202911138535,"y":0.0029886416159570219,"z":-0.00019907881505787373,"w":0.9977978467941284},"size":2.18792724609375,"orthographic":false}