{"cameraMode":{"drawMode":0,"name":"Shaded","section":"Shading Mode"},"sceneLighting":true,"audioPlay":false,"sceneViewState":{"showFog":true,"showMaterialUpdate":false,"showSkybox":true,"showFlares":true,"showImageEffects":true,"showParticleSystems":true},"in2DMode":false,"pivot":{"x":-3.3663578033447267,"y":-3.0325570106506349,"z":-0.8982696533203125},"rotation":{"x":0.08548088371753693,"y":0.265676885843277,"z":-0.0236579030752182,"w":0.9599735140800476},"size":30.413957595825197,"orthographic":false}