{"cameraMode":{"drawMode":0,"name":"Shaded","section":"Shading Mode"},"sceneLighting":false,"audioPlay":false,"sceneViewState":{"showFog":true,"showMaterialUpdate":false,"showSkybox":true,"showFlares":true,"showImageEffects":true,"showParticleSystems":true},"in2DMode":false,"pivot":{"x":-31.673480987548829,"y":2.632382869720459,"z":-3.5562827587127687},"rotation":{"x":0.08216392993927002,"y":0.8265969753265381,"z":-0.12519106268882752,"w":0.5425068140029907},"size":18.222314834594728,"orthographic":false}