{"cameraMode":{"drawMode":0,"name":"Shaded","section":"Shading Mode"},"sceneLighting":false,"audioPlay":false,"sceneViewState":{"showFog":true,"showMaterialUpdate":false,"showSkybox":true,"showFlares":true,"showImageEffects":true,"showParticleSystems":true},"in2DMode":false,"pivot":{"x":0.36000001430511477,"y":1.6950000524520875,"z":-3.5470476150512697},"rotation":{"x":0.015307178720831871,"y":-0.019503027200698854,"z":0.00029835893656127155,"w":0.9996926188468933},"size":0.17923574149608613,"orthographic":false}