{"cameraMode":{"drawMode":0,"name":"Shaded","section":"Shading Mode"},"sceneLighting":false,"audioPlay":false,"sceneViewState":{"showFog":true,"showMaterialUpdate":false,"showSkybox":true,"showFlares":true,"showImageEffects":true,"showParticleSystems":true},"in2DMode":false,"pivot":{"x":1.7152178287506104,"y":-0.03599110245704651,"z":0.1311223953962326},"rotation":{"x":0.009186942130327225,"y":0.7465674877166748,"z":-0.010312075726687909,"w":0.6651663184165955},"size":1.4877289533615113,"orthographic":false}