{"cameraMode":{"drawMode":0,"name":"Shaded","section":"Shading Mode"},"sceneLighting":false,"audioPlay":false,"sceneViewState":{"showFog":true,"showMaterialUpdate":false,"showSkybox":true,"showFlares":true,"showImageEffects":true,"showParticleSystems":true},"in2DMode":false,"pivot":{"x":376.5316467285156,"y":200.77804565429688,"z":-7.493869781494141},"rotation":{"x":0.07371048629283905,"y":0.02990703471004963,"z":-0.0022117369808256628,"w":0.9968287348747253},"size":6.808523654937744,"orthographic":false}