{"cameraMode":{"drawMode":0,"name":"Shaded","section":"Shading Mode"},"sceneLighting":false,"audioPlay":false,"sceneViewState":{"showFog":true,"showMaterialUpdate":false,"showSkybox":true,"showFlares":true,"showImageEffects":true,"showParticleSystems":true},"in2DMode":false,"pivot":{"x":380.9364318847656,"y":198.9767303466797,"z":-7.38330078125},"rotation":{"x":0.06027406081557274,"y":0.0014904384734109045,"z":-0.0000902609244803898,"w":0.9981808066368103},"size":7.187150955200195,"orthographic":false}