{"cameraMode":{"drawMode":0,"name":"Shaded","section":"Shading Mode"},"sceneLighting":false,"audioPlay":false,"sceneViewState":{"showFog":true,"showMaterialUpdate":false,"showSkybox":true,"showFlares":true,"showImageEffects":true,"showParticleSystems":true},"in2DMode":false,"pivot":{"x":-50.83589553833008,"y":7.411438941955566,"z":10.247533798217774},"rotation":{"x":-0.04107028990983963,"y":0.8576522469520569,"z":0.06935183703899384,"w":0.5078487992286682},"size":23.981733322143556,"orthographic":false}